<?xml version="1.0" encoding="UTF-8" standalone="no"?><premis xmlns="info:lc/xmlns/premis-v2" xmlns:xsi="http://www.w3.org/2001/XMLSchema-instance" version="2.0" xsi:schemaLocation="../../../../schemas/premis-v2-2.xsd">
    <object xmlID="589e24e4-8d0e-11e5-acb4-f8cab80470db" xsi:type="file">
        <objectIdentifier>
            <objectIdentifierType>LOCAL</objectIdentifierType>
            <objectIdentifierValue>589e24e4-8d0e-11e5-acb4-f8cab80470db</objectIdentifierValue>
        </objectIdentifier>
        <objectIdentifier>
            <objectIdentifierType>FILEPATH</objectIdentifierType>
            <objectIdentifierValue>file://./data/data.txt</objectIdentifierValue>
        </objectIdentifier>
        <objectCharacteristics>
            <compositionLevel>0</compositionLevel>
            <size>62</size>
            <fixity>
                <messageDigestAlgorithm>SHA-256</messageDigestAlgorithm>
                <messageDigest>06b5dacd5cb1bc148af8ceaaf8764d0a49dbf36024041c33e95c8848445ae866</messageDigest>
                <messageDigestOriginator>hashlib</messageDigestOriginator>
            </fixity>
            <format>
                <formatRegistry>
                    <formatRegistryName>PRONOM</formatRegistryName>
                    <formatRegistryKey>x-fmt/111</formatRegistryKey>
                    <formatRegistryRole>identification</formatRegistryRole>
                </formatRegistry>
            </format>
        </objectCharacteristics>
    </object>
    <object xmlID="58a0b38a-8d0e-11e5-acb4-f8cab80470db" xsi:type="file">
        <objectIdentifier>
            <objectIdentifierType>LOCAL</objectIdentifierType>
            <objectIdentifierValue>58a0b38a-8d0e-11e5-acb4-f8cab80470db</objectIdentifierValue>
        </objectIdentifier>
        <objectIdentifier>
            <objectIdentifierType>FILEPATH</objectIdentifierType>
            <objectIdentifierValue>file://./data/bike.gif</objectIdentifierValue>
        </objectIdentifier>
        <objectCharacteristics>
            <compositionLevel>0</compositionLevel>
            <size>575432</size>
            <fixity>
                <messageDigestAlgorithm>SHA-256</messageDigestAlgorithm>
                <messageDigest>e3259161e3b99a748d8cccfd53822cd27d2a366fbaff939c661207cd330a1270</messageDigest>
                <messageDigestOriginator>hashlib</messageDigestOriginator>
            </fixity>
            <format>
                <formatRegistry>
                    <formatRegistryName>PRONOM</formatRegistryName>
                    <formatRegistryKey>fmt/4</formatRegistryKey>
                    <formatRegistryRole>identification</formatRegistryRole>
                </formatRegistry>
            </format>
        </objectCharacteristics>
    </object>
    <agent>
        <agentIdentifier>
            <agentIdentifierType>LOCAL</agentIdentifierType>
            <agentIdentifierValue>earkweb</agentIdentifierValue>
        </agentIdentifier>
        <agentName>E-ARK AIP to DIP Converter</agentName>
        <agentType>Software</agentType>
    </agent>
    <event>
        <eventIdentifier>
            <eventIdentifierType>LOCAL</eventIdentifierType>
            <eventIdentifierValue>AIP Creation</eventIdentifierValue>
        </eventIdentifier>
        <eventType/>
        <eventDateTime>2015-11-17T10:34:06</eventDateTime>
        <linkingAgentIdentifier>
            <linkingAgentIdentifierType>LOCAL</linkingAgentIdentifierType>
            <linkingAgentIdentifierValue>earkweb</linkingAgentIdentifierValue>
        </linkingAgentIdentifier>
    </event>
</premis>